{"filename": "pyntcloud_plot", "camera_position": [866.6878610491784, 3969.152587863613, 672.4385925830105], "look_at": [-52.014379306975556, 981.4327423055662, -429.27066804414346], "point_size": 29.153662270458543, "point_opacity": 0.9, "polylines_points": [], "polylines_colors": []}